{
  "gizmos-infos": {
    "is2D": false,
    "is3DIcon": false,
    "iconSize": 2,
    "gridVisible": true,
    "gridColor": [
      150,
      150,
      150,
      255
    ],
    "isIconGizmo3D": false,
    "iconGizmoSize": 2,
    "isGridVisible": true
  },
  "float-window": {
    "position": {
      "cc": {
        "Camera": {
          "dock": false,
          "top": null,
          "bottom": 10,
          "left": null,
          "right": 10
        }
      }
    }
  },
  "camera": {
    "fov": 35,
    "far": 10000,
    "near": 0.01,
    "color": [
      48,
      48,
      48,
      255
    ],
    "wheelSpeed": 0.01,
    "wanderSpeed": 10,
    "enableAcceleration": true,
    "far2D": 10000,
    "near2D": 1,
    "wheelSpeed2D": 6
  },
  "camera-infos": {
    "f46876e4-e81b-4931-b493-6d367be385e7": {
      "position": {
        "x": 50,
        "y": 50,
        "z": 50
      },
      "rotation": {
        "x": -0.27984814233312133,
        "y": 0.3647051996310009,
        "z": 0.11591689595929514,
        "w": 0.8804762392171493
      },
      "viewCenter": {
        "x": 0,
        "y": 0,
        "z": 0
      }
    },
    "7c6bad98-8e73-4305-9517-8d2de3cda50e": {
      "position": {
        "x": 0,
        "y": 261.2640113468156,
        "z": 0
      },
      "rotation": {
        "x": -0.7071067811865475,
        "y": 0,
        "z": 0,
        "w": 0.7071067811865475
      },
      "viewCenter": {
        "x": 0,
        "y": 0,
        "z": 0
      }
    },
    "d20259b5-82d7-4860-88c8-3b555f9f068c": {
      "position": {
        "x": -9.987668123218585,
        "y": 5355.794234441781,
        "z": 10.029771596542984
      },
      "rotation": {
        "x": -0.7071048105804167,
        "y": 0.0000023911763107808567,
        "z": 7.60004891396001e-7,
        "w": 0.7071087485765799
      },
      "viewCenter": {
        "x": -10,
        "y": 10,
        "z": 10
      }
    },
    "a34005c2-5ad2-414b-9f3c-ff3eefaadf24": {
      "position": {
        "x": 826.4101615137755,
        "y": 667.4101615137754,
        "z": 346.4101615137754
      },
      "rotation": {
        "x": -0.27984814233312133,
        "y": 0.3647051996310009,
        "z": 0.11591689595929514,
        "w": 0.8804762392171493
      },
      "viewCenter": {
        "x": 480,
        "y": 321,
        "z": 0
      }
    },
    "4e2e26ea-6059-41ff-aab6-e723120eb3b5": {
      "position": {
        "x": 1.7320508075688394,
        "y": 1.7320508075688394,
        "z": 1.7320508075688963
      },
      "rotation": {
        "x": -0.27984814233312133,
        "y": 0.3647051996310009,
        "z": 0.11591689595929514,
        "w": 0.8804762392171493
      },
      "viewCenter": {
        "x": 0,
        "y": 0,
        "z": 0
      }
    },
    "f4c43d3d-4335-47f3-bad7-50bb3dfefbd9": {
      "position": {
        "x": 1289.8528653995402,
        "y": 1289.8528653995397,
        "z": 1289.8528653995404
      },
      "rotation": {
        "x": -0.27984814233312133,
        "y": 0.3647051996310009,
        "z": 0.11591689595929514,
        "w": 0.8804762392171493
      },
      "viewCenter": {
        "x": 0,
        "y": 0,
        "z": 0
      }
    },
    "30fb2d4f-0e60-47ac-9ec2-251b6d721cf4": {
      "position": {
        "x": 826.4101615137755,
        "y": 766.4101615137754,
        "z": 346.4101615137754
      },
      "rotation": {
        "x": -0.27984814233312133,
        "y": 0.3647051996310009,
        "z": 0.11591689595929514,
        "w": 0.8804762392171493
      },
      "viewCenter": {
        "x": 480,
        "y": 420,
        "z": 0
      }
    },
    "750a2005-d909-49ed-849d-269920d160f3": {
      "position": {
        "x": 826.4101615137755,
        "y": 766.4101615137754,
        "z": 346.4101615137754
      },
      "rotation": {
        "x": -0.27984814233312133,
        "y": 0.3647051996310009,
        "z": 0.11591689595929514,
        "w": 0.8804762392171493
      },
      "viewCenter": {
        "x": 480,
        "y": 420,
        "z": 0
      }
    },
    "a5c9f7e7-75f3-4e2b-bf0f-647db66d243d": {
      "position": {
        "x": 50,
        "y": 50,
        "z": 50
      },
      "rotation": {
        "x": -0.27984814233312133,
        "y": 0.3647051996310009,
        "z": 0.11591689595929514,
        "w": 0.8804762392171493
      },
      "viewCenter": {
        "x": 0,
        "y": 0,
        "z": 0
      }
    },
    "d75181ea-a94e-4b37-932c-56c7533c0912": {
      "position": {
        "x": 1.732050807568875,
        "y": 1.732050807568875,
        "z": 1.732050807568875
      },
      "rotation": {
        "x": -0.27984814233312133,
        "y": 0.3647051996310009,
        "z": 0.11591689595929514,
        "w": 0.8804762392171493
      },
      "viewCenter": {
        "x": 0,
        "y": 0,
        "z": 0
      }
    },
    "9f72f187-d536-4ce5-96b6-697bee708f4c": {
      "position": {
        "x": 1545.634026643534,
        "y": 1545.6340266435336,
        "z": 1545.6340266435336
      },
      "rotation": {
        "x": -0.27984814233312133,
        "y": 0.3647051996310009,
        "z": 0.11591689595929514,
        "w": 0.8804762392171493
      },
      "viewCenter": {
        "x": 0,
        "y": 0,
        "z": 0
      }
    },
    "896cf09a-ca50-4926-9f3d-8b965cf3f100": {
      "position": {
        "x": 50,
        "y": 50,
        "z": 50
      },
      "rotation": {
        "x": -0.27984814233312133,
        "y": 0.3647051996310009,
        "z": 0.11591689595929514,
        "w": 0.8804762392171493
      },
      "viewCenter": {
        "x": 0,
        "y": 0,
        "z": 0
      }
    },
    "ed244aeb-ed48-4ec5-be0c-dbc72891b7ac": {
      "position": {
        "x": 1215.1353364323097,
        "y": 1155.1353364323095,
        "z": 735.1353364323093
      },
      "rotation": {
        "x": -0.27984814233312133,
        "y": 0.3647051996310009,
        "z": 0.11591689595929514,
        "w": 0.8804762392171493
      },
      "viewCenter": {
        "x": 480,
        "y": 420,
        "z": 0
      }
    },
    "c74f13ea-a21d-4f40-883c-bbfc9f1e182d": {
      "position": {
        "x": 50,
        "y": 50,
        "z": 50
      },
      "rotation": {
        "x": -0.27984814233312133,
        "y": 0.3647051996310009,
        "z": 0.11591689595929514,
        "w": 0.8804762392171493
      },
      "viewCenter": {
        "x": 0,
        "y": 0,
        "z": 0
      }
    },
    "43861c97-6f6d-424e-a09d-6a12719a0baa": {
      "position": {
        "x": 3012.0034580621104,
        "y": 3012.0034580621095,
        "z": 3012.0034580621095
      },
      "rotation": {
        "x": -0.27984814233312133,
        "y": 0.3647051996310009,
        "z": 0.11591689595929514,
        "w": 0.8804762392171493
      },
      "viewCenter": {
        "x": 0,
        "y": 0,
        "z": 0
      }
    },
    "9dc41c77-0813-4866-b0c0-399e45268f91": {
      "position": {
        "x": 50,
        "y": 50,
        "z": 50
      },
      "rotation": {
        "x": -0.27984814233312133,
        "y": 0.3647051996310009,
        "z": 0.11591689595929514,
        "w": 0.8804762392171493
      },
      "viewCenter": {
        "x": 0,
        "y": 0,
        "z": 0
      }
    },
    "643cdea9-ed45-456c-bd97-92b93877e833": {
      "position": {
        "x": 826.4101615137755,
        "y": 766.4101615137754,
        "z": 346.4101615137754
      },
      "rotation": {
        "x": -0.27984814233312133,
        "y": 0.3647051996310009,
        "z": 0.11591689595929514,
        "w": 0.8804762392171493
      },
      "viewCenter": {
        "x": 480,
        "y": 420,
        "z": 0
      }
    },
    "88c9f472-b119-4a9f-be54-2487f484e154": {
      "position": {
        "x": 626.4101615137755,
        "y": 866.4101615137754,
        "z": 346.4101615137754
      },
      "rotation": {
        "x": -0.27984814233312133,
        "y": 0.3647051996310009,
        "z": 0.11591689595929514,
        "w": 0.8804762392171493
      },
      "viewCenter": {
        "x": 280,
        "y": 520,